LLM,File Quality,Status,Score,Accuracy,Key Issue
PHI-3 Mini,Excellent,Ready,97%,Did not run,Equation type not specified or inappropriate
Mixtral 8X22B,Excellent,Ready,100%,Excellent,None
Mixtral 8X7B,Excellent,Ready,100%,Excellent,None
LLaMA-3-70B,Excellent,Ready,100%,Excellent,None
LLaMA-3-8B,Good,Ready*,83%,Did not run,Density: not defined
LLaMA-2-70B,Poor,Not ready,10%,Did not run,Missing Material
GPT-4o,Excellent,Ready,100%,Excellent,None
GPT-4,Excellent,Ready,100%,Excellent,None
GPT-3.5,Excellent,Ready,100%,Excellent,None
